Exploring Age Groups in the 2020 Census Data Visualization Select Measures for States and State Equivalents in the United States and Puerto Rico,,,,,,,,,,,,,,,,,,,,,,,,,,,,,,,,,,,,,,,,,,,,,,,,,,,,,,,,,,,,,,,,,,,,,,,,,,,,,,,
"Source: U.S. Census Bureau, 2010 Census Summary File 1 (SF1), 
2020 Census Demographic and Housing Characteristics File (DHC) ",,,,,,,,,,,,,,,,,,,,,,,,,,,,,,,,,,,,,,,,,,,,,,,,,,,,,,,,,,,,,,,,,,,,,,,,,,,,,,,
"Information on confidentiality protection, nonsampling error, subject definitions, and guidance on using the data is available at: https://www2.census.gov/programs-surveys/decennial/2020/technical-documentation/complete-tech-docs/demographic-and-housing-characteristics-file-and-demographic-profile/2020census-demographic-and-housing-characteristics-file-and-demographic-profile-techdoc.pdf",,,,,,,,,,,,,,,,,,,,,,,,,,,,,,,,,,,,,,,,,,,,,,,,,,,,,,,,,,,,,,,,,,,,,,,,,,,,,,,
,,,,,,,,,,,,,,,,,,,,,,,,,,,,,,,,,,,,,,,,,,,,,,,,,,,,,,,,,,,,,,,,,,,,,,,,,,,,,,,
,,,,,,,,,,,,,,,,,,,,,,,,,,,,,,,,,,,,,,,,,,,,,,,,,,,,,,,,,,,,,,,,,,,,,,,,,,,,,,,
,All ages,,,,,,,Under 5 years,,,,,,,,5 to 17 years,,,,,,,,18 to 24 years,,,,,,,,25 to 34 years,,,,,,,,35 to 44 years,,,,,,,,45 to 64 years,,,,,,,,65 to 84 years,,,,,,,,85 to 99 years,,,,,,,,100 years and over,,,,,,,
State,Population,,"Change, 2010 to 2020",,Female,,Racial and ethnic diversity index,Population,,"Change, 2010 to 2020",,Female,,Percent of total population,Racial and ethnic diversity index,Population,,"Change, 2010 to 2020",,Female,,Percent of total population,Racial and ethnic diversity index,Population,,"Change, 2010 to 2020",,Female,,Percent of total population,Racial and ethnic diversity index,Population,,"Change, 2010 to 2020",,Female,,Percent of total population,Racial and ethnic diversity index,Population,,"Change, 2010 to 2020",,Female,,Percent of total population,Racial and ethnic diversity index,Population,,"Change, 2010 to 2020",,Female,,Percent of total population,Racial and ethnic diversity index,Population,,"Change, 2010 to 2020",,Female,,Percent of total population,Racial and ethnic diversity index,Population,,"Change, 2010 to 2020",,Female,,Percent of total population,Racial and ethnic diversity index,Population,,"Change, 2010 to 2020",,Female,,Percent of total population,Racial and ethnic diversity index
,"April 1, 2020","April 1, 2010",Number,Percent,Number,Percent,,"April 1, 2020","April 1, 2010",Number,Percent,Number,Percent,,,"April 1, 2020","April 1, 2010",Number,Percent,Number,Percent,,,"April 1, 2020","April 1, 2010",Number,Percent,Number,Percent,,,"April 1, 2020","April 1, 2010",Number,Percent,Number,Percent,,,"April 1, 2020","April 1, 2010",Number,Percent,Number,Percent,,,"April 1, 2020","April 1, 2010",Number,Percent,Number,Percent,,,"April 1, 2020","April 1, 2010",Number,Percent,Number,Percent,,,"April 1, 2020","April 1, 2010",Number,Percent,Number,Percent,,,"April 1, 2020","April 1, 2010",Number,Percent,Number,Percent,,
Alabama,"5,024,279","4,779,736","244,543",5.1,"2,597,435",51.7,53.1,"286,529","304,957","-18,428",-6.0,"140,011",48.9,5.7,61.7,"820,584","827,502","-6,918",-0.8,"401,598",48.9,16.3,60.6,"491,490","479,175","12,315",2.6,"250,124",50.9,9.8,58.1,"625,360","608,922","16,438",2.7,"320,693",51.3,12.4,56.5,"608,965","619,501","-10,536",-1.7,"314,272",51.6,12.1,55.6,"1,306,628","1,281,887","24,741",1.9,"675,496",51.7,26.0,48.8,"793,978","582,108","211,870",36.4,"435,337",54.8,15.8,39.4,"89,772","74,925","14,847",19.8,"59,111",65.8,1.79,34.3,973,759,214,28.2,793,81.5,0.02,52.0
Alaska,"733,391","710,231","23,160",3.3,"351,974",48.0,62.8,"48,104","53,996","-5,892",-10.9,"23,243",48.3,6.6,72.6,"131,284","133,382","-2,098",-1.6,"63,551",48.4,17.9,71.9,"68,003","74,881","-6,878",-9.2,"30,317",44.6,9.3,70.7,"112,039","103,125","8,914",8.6,"53,400",47.7,15.3,65.0,"98,386","92,974","5,412",5.8,"46,829",47.6,13.4,60.3,"180,390","196,935","-16,545",-8.4,"87,029",48.2,24.6,55.1,"88,666","50,227","38,439",76.5,"43,663",49.2,12.1,45.2,"6,425","4,671","1,754",37.6,"3,885",60.5,0.88,45.1,94,40,54,135.0,57,60.6,0.01,51.1
Arizona,"7,151,502","6,392,017","759,485",11.9,"3,614,159",50.5,61.5,"392,370","455,715","-63,345",-13.9,"192,818",49.1,5.5,66.6,"1,217,156","1,173,299","43,857",3.7,"595,198",48.9,17.0,66.1,"675,623","633,211","42,412",6.7,"330,400",48.9,9.4,66.1,"936,487","856,693","79,794",9.3,"457,729",48.9,13.1,65.8,"864,601","822,494","42,107",5.1,"430,176",49.8,12.1,64.3,"1,726,093","1,568,774","157,319",10.0,"886,569",51.4,24.1,56.9,"1,204,548","778,431","426,117",54.7,"640,971",53.2,16.8,37.9,"133,244","102,568","30,676",29.9,"79,271",59.5,1.86,32.9,"1,380",832,548,65.9,"1,027",74.4,0.02,38.7
Arkansas,"3,011,524","2,915,918","95,606",3.3,"1,535,026",51.0,49.8,"179,575","197,689","-18,114",-9.2,"87,758",48.9,6.0,61.6,"519,676","513,786","5,890",1.1,"253,222",48.7,17.3,59.9,"281,979","284,105","-2,126",-0.7,"140,658",49.9,9.4,57.0,"379,202","375,892","3,310",0.9,"190,434",50.2,12.6,54.5,"371,244","366,208","5,036",1.4,"187,304",50.5,12.3,52.4,"750,981","758,257","-7,276",-1.0,"383,966",51.1,24.9,43.9,"473,933","368,579","105,354",28.6,"256,331",54.1,15.7,30.3,"54,340","50,822","3,518",6.9,"34,895",64.2,1.80,22.8,594,580,14,2.4,458,77.1,0.02,42.5
California,"39,538,223","37,253,956","2,284,267",6.1,"19,989,220",50.6,69.7,"2,137,439","2,531,333","-393,894",-15.6,"1,046,636",49.0,5.4,66.7,"6,573,679","6,763,707","-190,028",-2.8,"3,209,003",48.8,16.6,65.4,"3,809,055","3,922,951","-113,896",-2.9,"1,854,119",48.7,9.6,67.1,"5,826,832","5,317,877","508,955",9.6,"2,861,656",49.1,14.7,69.7,"5,326,009","5,182,710","143,299",2.8,"2,670,059",50.1,13.5,69.9,"9,848,045","9,288,864","559,181",6.0,"5,027,679",51.1,24.9,69.8,"5,292,586","3,645,546","1,647,040",45.2,"2,867,789",54.2,13.4,63.3,"713,955","595,047","118,908",20.0,"444,288",62.2,1.81,58.9,"10,623","5,921","4,702",79.4,"7,991",75.2,0.03,61.2
Colorado,"5,773,714","5,029,196","744,518",14.8,"2,873,963",49.8,52.3,"314,580","343,960","-29,380",-8.5,"154,249",49.0,5.4,62.1,"949,558","881,649","67,909",7.7,"462,168",48.7,16.4,61.4,"533,761","487,698","46,063",9.4,"257,387",48.2,9.2,59.4,"895,832","726,278","169,554",23.3,"431,755",48.2,15.5,54.3,"799,022","699,644","99,378",14.2,"390,038",48.8,13.8,53.1,"1,412,266","1,340,342","71,924",5.4,"710,265",50.3,24.5,46.1,"781,925","480,012","301,913",62.9,"413,739",52.9,13.5,32.6,"85,808","69,020","16,788",24.3,"53,627",62.5,1.49,29.6,962,593,369,62.2,735,76.4,0.02,36.1
Connecticut,"3,605,944","3,574,097","31,847",0.9,"1,856,091",51.5,55.7,"176,831","202,106","-25,275",-12.5,"86,888",49.1,4.9,67.8,"559,886","614,909","-55,023",-8.9,"273,550",48.9,15.5,66.2,"334,929","326,659","8,270",2.5,"165,468",49.4,9.3,62.8,"454,315","420,377","33,938",8.1,"227,797",50.1,12.6,62.5,"436,812","484,438","-47,626",-9.8,"224,270",51.3,12.1,62.0,"996,106","1,019,049","-22,943",-2.3,"516,152",51.8,27.6,48.3,"559,338","421,661","137,677",32.7,"304,612",54.5,15.5,32.7,"86,415","83,968","2,447",2.9,"56,286",65.1,2.40,22.4,"1,312",930,382,41.1,"1,068",81.4,0.04,26.1
Delaware,"989,948","897,934","92,014",10.2,"513,229",51.8,59.6,"51,230","55,886","-4,656",-8.3,"25,071",48.9,5.2,71.5,"155,175","149,879","5,296",3.5,"76,437",49.3,15.7,70.2,"91,203","90,905",298,0.3,"45,408",49.8,9.2,66.5,"122,665","111,417","11,248",10.1,"62,499",51.0,12.4,65.1,"116,070","116,087",-17,0.0,"59,920",51.6,11.7,64.3,"259,028","244,483","14,545",5.9,"136,426",52.7,26.2,53.3,"175,145","113,533","61,612",54.3,"95,257",54.4,17.7,37.6,"19,235","15,598","3,637",23.3,"12,061",62.7,1.94,31.0,197,146,51,34.9,150,76.1,0.02,45.7
District of Columbia,"689,545","601,723","87,822",14.6,"366,768",53.2,67.2,"37,068","32,613","4,455",13.7,"18,160",49.0,5.4,69.3,"77,316","68,202","9,114",13.4,"38,074",49.2,11.2,62.8,"83,106","87,015","-3,909",-4.5,"47,937",57.7,12.1,69.8,"162,577","124,745","37,832",30.3,"87,580",53.9,23.6,65.7,"105,015","80,659","24,356",30.2,"53,994",51.4,15.2,68.2,"137,687","139,680","-1,993",-1.4,"70,597",51.3,20.0,62.9,"76,291","58,494","17,797",30.4,"43,552",57.1,11.1,58.2,"10,255","10,159",96,0.9,"6,676",65.1,1.49,54.4,230,156,74,47.4,198,86.1,0.03,57.9
Florida,"21,538,187","18,801,310","2,736,877",14.6,"11,073,953",51.4,64.1,"1,030,284","1,073,506","-43,222",-4.0,"505,026",49.0,4.8,70.9,"3,168,671","2,928,585","240,086",8.2,"1,548,409",48.9,14.7,70.4,"1,820,715","1,739,657","81,058",4.7,"901,420",49.5,8.5,69.1,"2,639,606","2,289,545","350,061",15.3,"1,323,287",50.1,12.3,68.2,"2,589,465","2,431,254","158,211",6.5,"1,323,334",51.1,12.0,67.9,"5,721,420","5,079,161","642,259",12.6,"2,969,088",51.9,26.6,61.6,"4,031,838","2,825,477","1,206,361",42.7,"2,175,578",54.0,18.7,45.9,"529,608","430,035","99,573",23.2,"322,766",60.9,2.46,42.5,"6,580","4,090","2,490",60.9,"5,045",76.7,0.03,48.5
Georgia,"10,711,908","9,687,653","1,024,255",10.6,"5,523,338",51.6,64.1,"614,218","686,785","-72,567",-10.6,"302,012",49.2,5.7,70.1,"1,877,416","1,804,767","72,649",4.0,"919,396",49.0,17.5,69.5,"1,056,938","970,157","86,781",8.9,"527,340",49.9,9.9,67.4,"1,454,158","1,335,560","118,598",8.9,"742,910",51.1,13.6,66.7,"1,390,218","1,397,540","-7,322",-0.5,"722,468",52.0,13.0,66.7,"2,739,671","2,460,809","278,862",11.3,"1,422,981",51.9,25.6,60.1,"1,431,960","918,212","513,748",56.0,"789,481",55.1,13.4,48.9,"145,592","112,682","32,910",29.2,"95,335",65.5,1.36,42.2,"1,737","1,141",596,52.2,"1,415",81.5,0.02,53.2
Hawaii,"1,455,271","1,360,301","94,970",7.0,"727,427",50.0,76.0,"77,352","87,407","-10,055",-11.5,"37,719",48.8,5.3,79.0,"222,014","216,411","5,603",2.6,"107,817",48.6,15.3,77.9,"125,554","130,312","-4,758",-3.7,"58,163",46.3,8.6,79.4,"191,122","185,333","5,789",3.1,"92,325",48.3,13.1,78.6,"183,939","176,373","7,566",4.3,"90,862",49.4,12.6,76.8,"372,839","369,327","3,512",1.0,"188,295",50.5,25.6,72.1,"244,612","164,900","79,712",48.3,"127,738",52.2,16.8,66.5,"37,193","29,932","7,261",24.3,"23,987",64.5,2.56,50.7,646,306,340,111.1,521,80.7,0.04,50.7
Idaho,"1,839,106","1,567,582","271,524",17.3,"919,910",50.0,35.9,"114,128","121,772","-7,644",-6.3,"55,941",49.0,6.2,46.4,"348,578","307,300","41,278",13.4,"169,816",48.7,19.0,45.1,"180,703","154,418","26,285",17.0,"89,117",49.3,9.8,43.4,"232,010","208,965","23,045",11.0,"113,149",48.8,12.6,41.1,"229,940","191,609","38,331",20.0,"114,109",49.6,12.5,36.6,"424,064","388,850","35,214",9.1,"214,439",50.6,23.1,29.5,"278,706","169,426","109,280",64.5,"144,442",51.8,15.2,17.2,"30,665","25,022","5,643",22.6,"18,655",60.8,1.67,12.4,312,220,92,41.8,242,77.6,0.02,23.5
Illinois,"12,812,508","12,830,632","-18,124",-0.1,"6,529,378",51.0,60.3,"705,616","835,577","-129,961",-15.6,"345,380",48.9,5.5,68.1,"2,107,423","2,293,602","-186,179",-8.1,"1,030,463",48.9,16.4,67.5,"1,186,380","1,246,307","-59,927",-4.8,"581,393",49.0,9.3,66.8,"1,744,219","1,775,957","-31,738",-1.8,"872,074",50.0,13.6,63.9,"1,668,405","1,725,890","-57,485",-3.3,"840,800",50.4,13.0,62.5,"3,306,480","3,344,086","-37,606",-1.1,"1,689,690",51.1,25.8,55.2,"1,840,355","1,374,301","466,054",33.9,"1,003,982",54.6,14.4,43.3,"250,202","232,493","17,709",7.6,"162,782",65.1,1.95,34.1,"3,428","2,419","1,009",41.7,"2,814",82.1,0.03,34.7
Indiana,"6,785,528","6,483,802","301,726",4.7,"3,440,868",50.7,41.3,"408,828","434,075","-25,247",-5.8,"199,773",48.9,6.0,53.8,"1,184,121","1,174,223","9,898",0.8,"577,542",48.8,17.5,52.4,"654,729","650,310","4,419",0.7,"322,355",49.2,9.6,48.7,"866,825","827,345","39,480",4.8,"433,072",50.0,12.8,46.1,"839,364","840,830","-1,466",-0.2,"419,892",50.0,12.4,44.0,"1,712,781","1,715,911","-3,130",-0.2,"869,242",50.8,25.2,33.6,"993,670","725,836","267,834",36.9,"537,241",54.1,14.6,22.3,"123,752","114,189","9,563",8.4,"80,560",65.1,1.82,18.4,"1,458","1,083",375,34.6,"1,191",81.7,0.02,24.8
Iowa,"3,190,369","3,046,355","144,014",4.7,"1,604,277",50.3,30.8,"190,064","202,123","-12,059",-6.0,"93,500",49.2,6.0,46.0,"550,202","525,870","24,332",4.6,"267,825",48.7,17.2,43.2,"309,504","305,867","3,637",1.2,"150,855",48.7,9.7,40.7,"397,833","382,583","15,250",4.0,"195,327",49.1,12.5,37.5,"388,763","364,548","24,215",6.6,"191,445",49.2,12.2,32.6,"779,550","812,476","-32,926",-4.1,"391,427",50.2,24.4,22.0,"498,200","378,230","119,970",31.7,"264,134",53.0,15.6,11.0,"75,223","73,812","1,411",1.9,"48,901",65.0,2.36,6.6,"1,030",846,184,21.7,863,83.8,0.03,13.9
Kansas,"2,937,880","2,853,118","84,762",3.0,"1,475,575",50.2,45.4,"179,446","205,492","-26,046",-12.7,"87,519",48.8,6.1,57.4,"529,118","521,447","7,671",1.5,"258,325",48.8,18.0,56.3,"289,573","288,159","1,414",0.5,"139,033",48.0,9.9,54.3,"375,641","377,720","-2,079",-0.6,"183,863",48.9,12.8,50.4,"366,965","346,673","20,292",5.9,"181,549",49.5,12.5,46.7,"706,747","737,511","-30,764",-4.2,"357,653",50.6,24.1,38.0,"429,593","316,798","112,795",35.6,"228,765",53.3,14.6,23.9,"59,978","58,692","1,286",2.2,"38,193",63.7,2.04,17.1,819,626,193,30.8,675,82.4,0.03,18.7
Kentucky,"4,505,836","4,339,367","166,469",3.8,"2,290,915",50.8,32.8,"264,254","282,367","-18,113",-6.4,"129,100",48.9,5.9,44.3,"757,682","741,004","16,678",2.3,"369,289",48.7,16.8,42.5,"412,349","412,801",-452,-0.1,"203,912",49.5,9.2,39.9,"569,025","566,216","2,809",0.5,"283,751",49.9,12.6,37.5,"560,341","576,662","-16,321",-2.8,"280,996",50.1,12.4,34.5,"1,175,026","1,182,090","-7,064",-0.6,"599,841",51.0,26.1,26.8,"690,199","509,019","181,180",35.6,"373,533",54.1,15.3,17.9,"76,209","68,612","7,597",11.1,"49,913",65.5,1.69,14.4,751,596,155,26.0,580,77.2,0.02,24.0
Louisiana,"4,657,757","4,533,372","124,385",2.7,"2,396,471",51.5,58.6,"281,257","314,260","-33,003",-10.5,"138,535",49.3,6.0,64.6,"805,952","803,755","2,197",0.3,"394,475",48.9,17.3,63.6,"433,744","474,531","-40,787",-8.6,"219,260",50.6,9.3,62.3,"612,716","628,433","-15,717",-2.5,"313,048",51.1,13.2,61.3,"599,519","564,599","34,920",6.2,"306,417",51.1,12.9,59.6,"1,161,426","1,189,937","-28,511",-2.4,"599,578",51.6,24.9,54.7,"684,995","492,171","192,824",39.2,"373,850",54.6,14.7,47.7,"77,326","65,092","12,234",18.8,"50,642",65.5,1.66,41.5,822,594,228,38.4,666,81.0,0.02,52.5
Maine,"1,362,359","1,328,361","33,998",2.6,"694,799",51.0,18.5,"61,477","69,520","-8,043",-11.6,"30,240",49.2,4.5,30.5,"190,797","205,013","-14,216",-6.9,"92,725",48.6,14.0,29.1,"108,233","116,072","-7,839",-6.8,"53,033",49.0,7.9,26.5,"159,897","144,624","15,273",10.6,"79,722",49.9,11.7,22.2,"158,786","171,376","-12,590",-7.3,"80,124",50.5,11.7,20.8,"386,140","410,676","-24,536",-6.0,"198,198",51.3,28.3,14.0,"263,740","181,944","81,796",45.0,"139,598",52.9,19.4,7.9,"32,902","28,838","4,064",14.1,"20,863",63.4,2.42,5.3,387,298,89,29.9,296,76.5,0.03,18.9
Maryland,"6,177,224","5,773,552","403,672",7.0,"3,201,808",51.8,67.3,"345,047","364,488","-19,441",-5.3,"168,819",48.9,5.6,73.4,"1,016,975","988,476","28,499",2.9,"497,527",48.9,16.5,72.7,"558,037","557,360",677,0.1,"276,173",49.5,9.0,71.0,"840,975","762,042","78,933",10.4,"429,141",51.0,13.6,69.6,"805,867","795,572","10,295",1.3,"418,501",51.9,13.0,69.8,"1,624,008","1,597,972","26,036",1.6,"854,077",52.6,26.3,63.3,"874,063","609,516","264,547",43.4,"484,577",55.4,14.1,53.7,"110,710","97,215","13,495",13.9,"71,784",64.8,1.79,45.4,"1,542",911,631,69.3,"1,209",78.4,0.02,51.9
Massachusetts,"7,029,917","6,547,629","482,288",7.4,"3,628,215",51.6,51.6,"340,020","367,087","-27,067",-7.4,"166,191",48.9,4.8,65.1,"1,026,174","1,051,836","-25,662",-2.4,"500,974",48.8,14.6,62.9,"709,974","677,888","32,086",4.7,"356,797",50.3,10.1,59.7,"999,707","845,141","154,566",18.3,"506,304",50.6,14.2,58.3,"861,118","887,149","-26,031",-2.9,"442,431",51.4,12.2,57.6,"1,861,136","1,815,804","45,332",2.5,"965,229",51.9,26.5,43.5,"1,074,497","757,525","316,972",41.8,"587,477",54.7,15.3,29.5,"155,054","143,679","11,375",7.9,"101,014",65.1,2.21,22.5,"2,237","1,520",717,47.2,"1,798",80.4,0.03,28.3
Michigan,"10,077,331","9,883,640","193,691",2.0,"5,106,475",50.7,45.2,"548,875","596,286","-47,411",-8.0,"269,090",49.0,5.4,57.6,"1,613,854","1,747,782","-133,928",-7.7,"786,833",48.8,16.0,55.6,"950,965","973,889","-22,924",-2.4,"467,274",49.1,9.4,51.9,"1,304,661","1,164,149","140,512",12.1,"643,592",49.3,12.9,50.5,"1,183,758","1,277,974","-94,216",-7.4,"592,594",50.1,11.7,46.9,"2,669,438","2,762,030","-92,592",-3.4,"1,355,619",50.8,26.5,39.2,"1,598,263","1,169,649","428,614",36.6,"858,101",53.7,15.9,29.0,"205,124","190,152","14,972",7.9,"131,448",64.1,2.04,24.0,"2,393","1,729",664,38.4,"1,924",80.4,0.02,33.8
Minnesota,"5,706,494","5,303,925","402,569",7.6,"2,871,046",50.3,40.5,"340,357","355,504","-15,147",-4.3,"166,362",48.9,6.0,57.7,"977,104","928,559","48,545",5.2,"477,272",48.8,17.1,55.2,"505,776","502,799","2,977",0.6,"249,685",49.4,8.9,50.9,"756,149","715,586","40,563",5.7,"374,670",49.5,13.3,47.2,"742,823","681,094","61,729",9.1,"367,667",49.5,13.0,43.0,"1,434,992","1,437,262","-2,270",-0.2,"720,747",50.2,25.1,29.7,"832,635","576,457","256,178",44.4,"440,607",52.9,14.6,16.0,"115,115","105,453","9,662",9.2,"72,784",63.2,2.02,10.3,"1,543","1,211",332,27.4,"1,252",81.1,0.03,17.8
Mississippi,"2,961,279","2,967,297","-6,018",-0.2,"1,531,426",51.7,55.9,"171,647","210,956","-39,309",-18.6,"84,669",49.3,5.8,60.9,"512,033","544,599","-32,566",-6.0,"250,983",49.0,17.3,60.2,"289,827","304,834","-15,007",-4.9,"144,701",49.9,9.8,58.4,"359,073","387,253","-28,180",-7.3,"184,947",51.5,12.1,58.1,"363,012","374,947","-11,935",-3.2,"187,883",51.8,12.3,57.3,"756,126","764,301","-8,175",-1.1,"393,391",52.0,25.5,53.1,"457,707","336,048","121,659",36.2,"250,334",54.7,15.5,45.7,"51,190","43,817","7,373",16.8,"33,991",66.4,1.73,39.7,664,542,122,22.5,527,79.4,0.02,56.3
Missouri,"6,154,913","5,988,927","165,986",2.8,"3,130,799",50.9,40.8,"355,024","390,237","-35,213",-9.0,"173,242",48.8,5.8,51.2,"1,024,277","1,035,199","-10,922",-1.1,"499,187",48.7,16.6,50.3,"580,345","589,264","-8,919",-1.5,"285,820",49.3,9.4,47.8,"802,104","775,467","26,637",3.4,"400,236",49.9,13.0,45.3,"756,821","748,616","8,205",1.1,"380,216",50.2,12.3,41.9,"1,558,585","1,611,850","-53,265",-3.3,"795,674",51.1,25.3,35.6,"954,297","724,515","229,782",31.7,"516,862",54.2,15.5,25.4,"121,961","112,613","9,348",8.3,"78,353",64.2,1.98,20.4,"1,499","1,166",333,28.6,"1,209",80.7,0.02,30.0
Montana,"1,084,225","989,415","94,810",9.6,"539,987",49.8,30.1,"59,224","62,423","-3,199",-5.1,"28,870",48.7,5.5,43.8,"174,878","161,140","13,738",8.5,"85,270",48.8,16.1,42.6,"94,073","94,611",-538,-0.6,"45,659",48.5,8.7,39.2,"136,979","122,864","14,115",11.5,"66,704",48.7,12.6,34.2,"133,111","112,945","20,166",17.9,"65,310",49.1,12.3,30.2,"270,677","288,690","-18,013",-6.2,"136,533",50.4,25.0,24.0,"193,400","126,721","66,679",52.6,"98,297",50.8,17.8,14.8,"21,620","19,846","1,774",8.9,"13,131",60.7,1.99,10.4,263,175,88,50.3,213,81.0,0.02,27.0
Nebraska,"1,961,504","1,826,341","135,163",7.4,"984,762",50.2,40.8,"126,605","131,908","-5,303",-4.0,"61,946",48.9,6.5,54.9,"358,772","327,313","31,459",9.6,"174,614",48.7,18.3,53.0,"186,219","182,527","3,692",2.0,"91,335",49.0,9.5,50.4,"257,682","245,176","12,506",5.1,"127,019",49.3,13.1,46.5,"248,243","220,838","27,405",12.4,"122,634",49.4,12.7,42.0,"462,636","471,902","-9,266",-2.0,"231,804",50.1,23.6,31.7,"280,745","207,369","73,376",35.4,"149,370",53.2,14.3,17.3,"40,110","38,807","1,303",3.4,"25,653",64.0,2.04,11.3,492,501,-9,-1.8,387,78.7,0.03,16.5
Nevada,"3,104,614","2,700,551","404,063",15.0,"1,550,880",50.0,68.8,"174,032","187,478","-13,446",-7.2,"84,795",48.7,5.6,71.7,"517,256","477,530","39,726",8.3,"251,680",48.7,16.7,70.9,"269,437","248,829","20,608",8.3,"131,251",48.7,8.7,71.0,"436,134","387,286","48,848",12.6,"215,281",49.4,14.0,71.4,"413,594","383,043","30,551",8.0,"205,294",49.6,13.3,70.1,"785,701","692,026","93,675",13.5,"394,320",50.2,25.3,65.1,"465,757","294,172","171,585",58.3,"242,922",52.2,15.0,50.8,"42,254","29,984","12,270",40.9,"25,015",59.2,1.36,44.8,449,203,246,121.2,322,71.7,0.01,53.4
New Hampshire,"1,377,529","1,316,470","61,059",4.6,"695,820",50.5,23.6,"61,480","69,806","-8,326",-11.9,"29,996",48.8,4.5,37.1,"195,369","217,428","-22,059",-10.1,"95,286",48.8,14.2,34.5,"122,843","123,114",-271,-0.2,"60,564",49.3,8.9,30.9,"170,156","144,472","25,684",17.8,"83,487",49.1,12.4,28.6,"158,972","179,178","-20,206",-11.3,"79,674",50.1,11.5,27.6,"402,755","404,204","-1,449",-0.4,"204,312",50.7,29.2,18.2,"237,360","153,507","83,853",54.6,"124,617",52.5,17.2,10.0,"28,237","24,529","3,708",15.1,"17,614",62.4,2.05,7.0,357,232,125,53.9,270,75.6,0.03,16.4
New Jersey,"9,288,994","8,791,894","497,100",5.7,"4,770,289",51.4,65.8,"502,046","541,020","-38,974",-7.2,"246,116",49.0,5.4,71.7,"1,505,638","1,524,194","-18,556",-1.2,"735,502",48.8,16.2,71.0,"822,734","767,228","55,506",7.2,"399,308",48.5,8.9,69.7,"1,220,130","1,109,801","110,329",9.9,"612,414",50.2,13.1,70.0,"1,199,275","1,238,297","-39,022",-3.2,"612,992",51.1,12.9,70.1,"2,507,872","2,425,361","82,511",3.4,"1,299,193",51.8,27.0,61.7,"1,335,142","1,006,382","328,760",32.7,"736,100",55.1,14.4,49.0,"193,511","177,842","15,669",8.8,"126,539",65.4,2.08,37.6,"2,646","1,769",877,49.6,"2,125",80.3,0.03,40.5
New Mexico,"2,117,522","2,059,179","58,343",2.8,"1,073,366",50.7,63.0,"114,806","144,981","-30,175",-20.8,"56,536",49.2,5.4,58.5,"363,727","373,691","-9,964",-2.7,"178,116",49.0,17.2,58.2,"193,255","203,539","-10,284",-5.1,"93,286",48.3,9.1,60.6,"273,972","267,245","6,727",2.5,"135,049",49.3,12.9,63.6,"256,448","248,523","7,925",3.2,"128,346",50.0,12.1,63.3,"524,107","548,945","-24,838",-4.5,"270,650",51.6,24.8,63.0,"351,846","240,262","111,584",46.4,"187,397",53.3,16.6,56.6,"38,951","31,709","7,242",22.8,"23,664",60.8,1.84,55.2,410,284,126,44.4,322,78.5,0.02,59.4
New York,"20,201,249","19,378,102","823,147",4.2,"10,430,888",51.6,65.8,"1,060,610","1,155,822","-95,212",-8.2,"519,195",49.0,5.3,71.0,"3,052,504","3,169,107","-116,603",-3.7,"1,489,585",48.8,15.1,70.6,"1,935,824","1,983,517","-47,693",-2.4,"963,157",49.8,9.6,69.7,"2,955,956","2,659,337","296,619",11.2,"1,498,405",50.7,14.6,68.8,"2,564,653","2,610,017","-45,364",-1.7,"1,312,159",51.2,12.7,68.6,"5,223,236","5,182,359","40,877",0.8,"2,718,211",52.0,25.9,63.0,"2,966,614","2,227,069","739,545",33.2,"1,640,114",55.3,14.7,52.7,"434,931","386,269","48,662",12.6,"284,471",65.4,2.15,44.2,"6,921","4,605","2,316",50.3,"5,591",80.8,0.03,49.5
North Carolina,"10,439,388","9,535,483","903,905",9.5,"5,372,038",51.5,57.9,"574,468","632,040","-57,572",-9.1,"281,905",49.1,5.5,68.3,"1,709,821","1,649,595","60,226",3.7,"836,753",48.9,16.4,67.5,"996,631","938,618","58,013",6.2,"487,761",48.9,9.5,64.2,"1,362,100","1,246,593","115,507",9.3,"691,119",50.7,13.0,61.9,"1,300,738","1,327,151","-26,413",-2.0,"670,157",51.5,12.5,61.4,"2,706,182","2,507,407","198,775",7.9,"1,403,486",51.9,25.9,51.8,"1,607,247","1,086,618","520,629",47.9,"881,525",54.8,15.4,39.0,"180,149","146,057","34,092",23.3,"117,672",65.3,1.73,33.1,"2,052","1,404",648,46.2,"1,660",80.9,0.02,48.5
North Dakota,"779,094","672,591","106,503",15.8,"381,025",48.9,32.6,"52,366","44,595","7,771",17.4,"25,581",48.9,6.7,48.0,"130,635","105,276","25,359",24.1,"63,786",48.8,16.8,44.5,"83,077","81,020","2,057",2.5,"39,221",47.2,10.7,40.1,"113,866","90,485","23,381",25.8,"53,688",47.2,14.6,39.7,"97,915","75,262","22,653",30.1,"46,152",47.1,12.6,33.4,"177,815","178,476",-661,-0.4,"86,829",48.8,22.8,22.7,"106,357","80,789","25,568",31.6,"54,845",51.6,13.7,11.4,"16,792","16,467",325,2.0,"10,713",63.8,2.16,8.2,271,221,50,22.6,210,77.5,0.03,23.8
Ohio,"11,799,448","11,536,504","262,944",2.3,"6,017,830",51.0,40.4,"666,434","720,856","-54,422",-7.5,"326,751",49.0,5.6,53.7,"1,925,452","2,009,895","-84,443",-4.2,"939,844",48.8,16.3,51.2,"1,102,347","1,099,491","2,856",0.3,"544,919",49.4,9.3,46.5,"1,500,324","1,409,959","90,365",6.4,"750,046",50.0,12.7,45.6,"1,413,842","1,479,831","-65,989",-4.5,"711,708",50.3,12.0,42.0,"3,072,312","3,194,457","-122,145",-3.8,"1,567,561",51.0,26.0,34.0,"1,869,243","1,391,586","477,657",34.3,"1,014,930",54.3,15.8,25.1,"246,623","228,538","18,085",7.9,"159,746",64.8,2.09,21.3,"2,871","1,891",980,51.8,"2,325",81.0,0.02,28.7
Oklahoma,"3,959,353","3,751,351","208,002",5.5,"1,997,724",50.5,59.5,"241,242","264,126","-22,884",-8.7,"117,769",48.8,6.1,72.0,"707,413","665,540","41,873",6.3,"344,782",48.7,17.9,70.6,"383,650","381,186","2,464",0.6,"186,913",48.7,9.7,66.6,"520,309","506,755","13,554",2.7,"256,859",49.4,13.1,63.8,"502,207","460,937","41,270",9.0,"249,117",49.6,12.7,60.4,"951,454","966,093","-14,639",-1.5,"483,687",50.8,24.0,51.5,"582,516","444,802","137,714",31.0,"313,894",53.9,14.7,37.1,"69,828","61,366","8,462",13.8,"44,144",63.2,1.76,27.7,734,546,188,34.4,559,76.2,0.02,36.4
Oregon,"4,237,256","3,831,074","406,182",10.6,"2,139,756",50.5,46.1,"215,252","237,556","-22,304",-9.4,"105,207",48.9,5.1,59.4,"651,352","628,897","22,455",3.6,"316,799",48.6,15.4,58.8,"370,659","358,778","11,881",3.3,"183,529",49.5,8.7,56.8,"586,702","524,144","62,558",11.9,"289,640",49.4,13.8,51.4,"572,750","499,525","73,225",14.7,"284,375",49.7,13.5,48.1,"1,045,433","1,048,641","-3,208",-0.3,"530,685",50.8,24.7,39.5,"711,807","455,661","256,146",56.2,"377,863",53.1,16.8,22.9,"82,332","77,195","5,137",6.7,"50,934",61.9,1.94,17.2,969,677,292,43.1,724,74.7,0.02,27.8
Pennsylvania,"13,002,700","12,702,379","300,321",2.4,"6,640,343",51.1,44.0,"667,816","729,538","-61,722",-8.5,"326,666",48.9,5.1,57.5,"1,981,336","2,062,617","-81,281",-3.9,"965,602",48.7,15.2,56.1,"1,208,578","1,261,381","-52,803",-4.2,"601,741",49.8,9.3,52.1,"1,673,168","1,511,119","162,049",10.7,"834,837",49.9,12.9,50.8,"1,542,339","1,615,669","-73,330",-4.5,"775,067",50.3,11.9,47.6,"3,446,409","3,562,748","-116,339",-3.3,"1,756,719",51.0,26.5,37.0,"2,163,154","1,653,631","509,523",30.8,"1,170,213",54.1,16.6,25.5,"315,969","303,166","12,803",4.2,"206,309",65.3,2.43,19.4,"3,931","2,510","1,421",56.6,"3,189",81.1,0.03,27.9
Rhode Island,"1,097,379","1,052,567","44,812",4.3,"565,649",51.5,49.4,"51,903","57,448","-5,545",-9.7,"25,426",49.0,4.7,64.9,"157,882","166,508","-8,626",-5.2,"76,989",48.8,14.4,62.7,"116,262","119,969","-3,707",-3.1,"58,569",50.4,10.6,58.6,"146,024","126,962","19,062",15.0,"73,380",50.3,13.3,56.7,"131,285","136,860","-5,575",-4.1,"66,620",50.7,12.0,54.4,"293,562","292,939",623,0.2,"152,634",52.0,26.8,39.8,"173,678","125,131","48,547",38.8,"94,278",54.3,15.8,25.3,"26,347","26,503",-156,-0.6,"17,420",66.1,2.40,18.0,436,247,189,76.5,333,76.4,0.04,27.4
South Carolina,"5,118,425","4,625,364","493,061",10.7,"2,644,667",51.7,54.6,"277,144","302,297","-25,153",-8.3,"135,339",48.8,5.4,64.1,"826,821","778,177","48,644",6.3,"404,906",49.0,16.2,63.5,"471,140","476,445","-5,305",-1.1,"233,909",49.6,9.2,59.3,"633,704","592,056","41,648",7.0,"324,975",51.3,12.4,58.5,"612,977","601,292","11,685",1.9,"316,170",51.6,12.0,57.5,"1,324,688","1,243,223","81,465",6.6,"692,281",52.3,25.9,50.1,"881,571","561,157","320,414",57.1,"479,059",54.3,17.2,39.8,"89,335","70,058","19,277",27.5,"57,191",64.0,1.75,37.0,"1,045",659,386,58.6,837,80.1,0.02,53.6
South Dakota,"886,667","814,180","72,487",8.9,"440,895",49.7,35.6,"57,742","59,621","-1,879",-3.2,"28,203",48.8,6.5,51.8,"159,670","143,176","16,494",11.5,"77,745",48.7,18.0,49.4,"82,066","81,539",527,0.6,"39,505",48.1,9.3,43.9,"112,285","105,429","6,856",6.5,"54,581",48.6,12.7,42.9,"108,761","93,112","15,649",16.8,"52,754",48.5,12.3,36.1,"209,552","214,722","-5,170",-2.4,"104,490",49.9,23.6,25.7,"136,194","97,355","38,839",39.9,"70,444",51.7,15.4,13.8,"20,054","18,986","1,068",5.6,"12,887",64.3,2.26,7.9,343,240,103,42.9,286,83.4,0.04,15.5
Tennessee,"6,910,840","6,346,105","564,735",8.9,"3,544,440",51.3,46.6,"393,767","407,813","-14,046",-3.4,"192,598",48.9,5.7,58.0,"1,132,600","1,088,188","44,412",4.1,"554,463",49.0,16.4,56.7,"644,030","606,364","37,666",6.2,"322,488",50.1,9.3,52.9,"921,271","823,997","97,274",11.8,"467,281",50.7,13.3,51.3,"860,591","854,130","6,461",0.8,"437,114",50.8,12.5,49.4,"1,779,010","1,712,151","66,859",3.9,"916,812",51.5,25.7,40.5,"1,062,653","753,545","309,108",41.0,"577,205",54.3,15.4,28.9,"115,662","98,977","16,685",16.9,"75,491",65.3,1.67,24.0,"1,256",940,316,33.6,988,78.7,0.02,40.9
Texas,"29,145,505","25,145,561","3,999,944",15.9,"14,750,823",50.6,67.0,"1,819,260","1,928,473","-109,213",-5.7,"893,665",49.1,6.2,66.5,"5,459,545","4,937,351","522,194",10.6,"2,671,590",48.9,18.7,65.6,"2,915,232","2,572,969","342,263",13.3,"1,429,940",49.1,10.0,66.5,"4,122,639","3,613,473","509,166",14.1,"2,055,741",49.9,14.1,67.7,"3,941,163","3,458,382","482,781",14.0,"1,991,935",50.5,13.5,68.0,"6,966,531","6,033,027","933,504",15.5,"3,553,211",51.0,23.9,66.1,"3,523,590","2,296,707","1,226,883",53.4,"1,902,833",54.0,12.1,57.3,"393,110","302,262","90,848",30.1,"248,540",63.2,1.35,51.1,"4,435","2,917","1,518",52.0,"3,368",75.9,0.02,55.8
Utah,"3,271,616","2,763,885","507,731",18.4,"1,628,085",49.8,40.7,"239,780","263,924","-24,144",-9.1,"116,704",48.7,7.3,47.9,"707,785","607,103","100,682",16.6,"343,775",48.6,21.6,46.1,"381,309","318,029","63,280",19.9,"189,032",49.6,11.7,45.5,"472,899","445,687","27,212",6.1,"230,820",48.8,14.5,45.1,"448,621","332,475","116,146",34.9,"221,996",49.5,13.7,40.0,"639,425","547,205","92,220",16.9,"321,808",50.3,19.5,35.7,"342,334","218,471","123,863",56.7,"180,685",52.8,10.5,21.3,"39,122","30,805","8,317",27.0,"23,037",58.9,1.20,16.4,341,186,155,83.3,228,66.9,0.01,41.5
Vermont,"643,077","625,741","17,336",2.8,"325,904",50.7,20.2,"28,555","31,952","-3,397",-10.6,"14,019",49.1,4.4,30.3,"90,040","97,281","-7,241",-7.4,"43,492",48.3,14.0,29.1,"60,573","64,873","-4,300",-6.6,"29,784",49.2,9.4,28.2,"77,282","69,622","7,660",11.0,"38,472",49.8,12.0,24.0,"75,607","78,359","-2,752",-3.5,"38,133",50.4,11.8,22.2,"178,715","192,576","-13,861",-7.2,"91,158",51.0,27.8,16.0,"118,114","78,281","39,833",50.9,"61,892",52.4,18.4,9.8,"14,024","12,664","1,360",10.7,"8,826",62.9,2.18,8.1,167,133,34,25.6,128,76.6,0.03,24.1
Virginia,"8,631,393","8,001,024","630,369",7.9,"4,410,876",51.1,60.5,"481,405","509,625","-28,220",-5.5,"235,175",48.9,5.6,69.5,"1,404,934","1,344,052","60,882",4.5,"686,387",48.9,16.3,68.7,"839,485","802,099","37,386",4.7,"408,743",48.7,9.7,65.9,"1,163,680","1,090,419","73,261",6.7,"584,909",50.3,13.5,63.9,"1,114,397","1,108,928","5,469",0.5,"569,817",51.1,12.9,63.5,"2,232,201","2,168,964","63,237",2.9,"1,151,559",51.6,25.9,55.4,"1,245,187","854,534","390,653",45.7,"677,681",54.4,14.4,43.0,"148,273","121,213","27,060",22.3,"95,123",64.2,1.72,36.9,"1,831","1,190",641,53.9,"1,482",80.9,0.02,44.9
Washington,"7,705,281","6,724,540","980,741",14.6,"3,861,509",50.1,55.9,"437,231","439,657","-2,426",-0.6,"213,866",48.9,5.7,67.7,"1,243,361","1,141,697","101,664",8.9,"606,463",48.8,16.1,66.5,"685,639","650,053","35,586",5.5,"329,982",48.1,8.9,64.6,"1,135,030","933,781","201,249",21.6,"552,559",48.7,14.7,61.3,"1,057,328","908,305","149,023",16.4,"522,468",49.4,13.7,58.6,"1,894,264","1,823,370","70,894",3.9,"957,123",50.5,24.6,47.9,"1,121,470","710,406","411,064",57.9,"597,244",53.3,14.6,31.5,"129,282","116,216","13,066",11.2,"80,513",62.3,1.68,25.6,"1,676","1,055",621,58.9,"1,291",77.0,0.02,28.4
West Virginia,"1,793,716","1,852,994","-59,278",-3.2,"904,818",50.4,20.2,"89,207","104,060","-14,853",-14.3,"43,639",48.9,5.0,28.7,"271,577","283,358","-11,781",-4.2,"132,026",48.6,15.1,27.0,"156,515","168,999","-12,484",-7.4,"76,587",48.9,8.7,26.3,"207,306","220,698","-13,392",-6.1,"101,501",49.0,11.6,24.3,"215,772","237,494","-21,722",-9.1,"106,529",49.4,12.0,21.3,"486,324","540,981","-54,657",-10.1,"245,512",50.5,27.1,16.8,"329,067","261,483","67,584",25.8,"174,402",53.0,18.3,11.6,"37,584","35,648","1,936",5.4,"24,332",64.7,2.10,9.1,364,273,91,33.3,290,79.7,0.02,29.0
Wisconsin,"5,893,718","5,686,986","206,732",3.6,"2,962,113",50.3,37.0,"322,285","358,443","-36,158",-10.1,"157,604",48.9,5.5,53.5,"959,133","981,049","-21,916",-2.2,"467,349",48.7,16.3,51.6,"539,914","549,256","-9,342",-1.7,"265,977",49.3,9.2,46.7,"741,123","721,694","19,429",2.7,"364,154",49.1,12.6,43.9,"724,339","725,666","-1,327",-0.2,"358,191",49.5,12.3,39.5,"1,546,907","1,573,564","-26,657",-1.7,"776,321",50.2,26.2,27.6,"933,204","658,809","274,395",41.7,"491,082",52.6,15.8,16.0,"125,273","117,326","7,947",6.8,"80,190",64.0,2.13,10.5,"1,540","1,179",361,30.6,"1,245",80.8,0.03,18.7
Wyoming,"576,851","563,626","13,225",2.3,"284,438",49.3,32.4,"33,955","40,203","-6,248",-15.5,"16,427",48.4,5.9,43.9,"101,559","95,199","6,360",6.7,"49,241",48.5,17.6,42.8,"50,776","56,429","-5,653",-10.0,"24,211",47.7,8.8,40.0,"72,915","77,649","-4,734",-6.1,"35,443",48.6,12.6,36.3,"73,981","66,966","7,015",10.5,"36,005",48.7,12.8,32.9,"141,793","157,090","-15,297",-9.7,"70,476",49.7,24.6,26.1,"92,076","61,488","30,588",49.7,"46,540",50.5,16.0,17.1,"9,670","8,530","1,140",13.4,"6,010",62.2,1.68,14.9,126,72,54,75.0,85,67.5,0.02,38.8
Puerto Rico,"3,285,874","3,725,789","-439,915",-11.8,"1,732,081",52.7,2.2,"115,106","224,756","-109,650",-48.8,"55,745",48.4,3.5,1.9,"445,865","678,539","-232,674",-34.3,"217,159",48.7,13.6,1.6,"293,127","375,145","-82,018",-21.9,"146,389",49.9,8.9,1.5,"372,242","492,332","-120,090",-24.4,"193,720",52.0,11.3,2.2,"407,661","483,528","-75,867",-15.7,"215,118",52.8,12.4,2.6,"919,974","929,491","-9,517",-1.0,"491,038",53.4,28.0,2.8,"646,785","479,402","167,383",34.9,"359,984",55.7,19.7,2.1,"83,753","61,635","22,118",35.9,"52,012",62.1,2.55,1.9,"1,361",961,400,41.6,916,67.3,0.04,4.3
,,,,,,,,,,,,,,,,,,,,,,,,,,,,,,,,,,,,,,,,,,,,,,,,,,,,,,,,,,,,,,,,,,,,,,,,,,,,,,,
